amazon_isbn,bx_isbn
9781580627566,9781580627566
9780679766759,9780679766759
9780375705854,9780375705854
9780786867646,9780786867646
9780743249997,9780743249997
9780609807903,9780609807903
9780743236010,9780743236010
9780393319293,9780393319293
9780961519766,9780961519766
9780060256678,9780060256678
9780380800827,9780380800827
9781931412063,9781931412063
9780671319724,9780671319724
9780440228844,9780440228844
9780440508380,9780440508380
9780679731146,9780679731146
9780895947369,9780895947369
9780684866048,9780684866048
9780670032082,9780670032082
9780738703190,9780738703190
9780609807910,9780609807910
9780865714489,9780865714489
9780764120848,9780764120848
9780060531232,9780060531232
9780812579567,9780812579567
9780812966831,9780812966831
9780679809012,9780679809012
9781575666075,9781575666075
9780812932188,9780812932188
9780786929801,9780786929801
9780670827596,9780670827596
9780689823954,9780689823954
9780385722438,9780385722438
9780380794560,9780380794560
9780316734356,9780316734356
9780684848914,9780684848914
9781882577989,9781882577989
9780312992415,9780312992415
9780385489768,9780385489768
9780786805341,9780786805341
9780679740704,9780679740704
9780060298487,9780060298487
9780393322965,9780393322965
9781592850990,9781592850990
9780553275599,9780553275599
9780312865832,9780312865832
9780140187755,9780140187755
9780847825042,9780847825042
9780452281325,9780452281325
9780060513658,9780060513658
9780142003817,9780142003817
9780812966909,9780812966909
9780439376068,9780439376068
9780345426277,9780345426277
9780440229407,9780440229407
9780345430762,9780345430762
9780786866946,9780786866946
9780895261465,9780895261465
9780679767398,9780679767398
9780553583854,9780553583854
9780441005963,9780441005963
9780553562965,9780553562965
9780140178241,9780140178241
9780764551536,9780764551536
9780380801213,9780380801213
9780451204721,9780451204721
9780375705892,9780375705892
9780684862149,9780684862149
9780380800810,9780380800810
9780689848933,9780689848933
9781891824173,9781891824173
9780767902793,9780767902793
9780451411129,9780451411129
9780465087303,9780465087303
9780451456724,9780451456724
9780060084332,9780060084332
9780380770137,9780380770137
9780380815937,9780380815937
9780310230052,9780310230052
9780929173252,9780929173252
9781573227162,9781573227162
9781879181038,9781879181038
9780553213416,9780553213416
9780671787189,9780671787189
9780684846132,9780684846132
9780152045692,9780152045692
9780684849690,9780684849690
9780688172374,9780688172374
9780805068313,9780805068313
9780895778710,9780895778710
9780380805709,9780380805709
9780714843377,9780714843377
9780553279726,9780553279726
9780553578683,9780553578683
9780743457033,9780743457033
9780060923242,9780060923242
9780689817748,9780689817748
9780515136371,9780515136371
9780393318685,9780393318685
9780451205797,9780451205797
9780767908207,9780767908207
9781402200458,9781402200458
9780743477147,9780743477147
9781573441568,9781573441568
9780060927943,9780060927943
9780716731603,9780716731603
9780840745743,9780840745743
9780061087134,9780061087134
9781580050975,9781580050975
9780060929084,9780060929084
9780684813486,9780684813486
9781400050079,9781400050079
9780786884278,9780786884278
9780966075007,9780966075007
9781581803433,9781581803433
9780451163530,9780451163530
9780394751016,9780394751016
9781880685228,9781880685228
9780684845593,9780684845593
9780809228409,9780809228409
9780684835396,9780684835396
9780679726104,9780679726104
9780312267933,9780312267933
9780061056000,9780061056000
9781570980213,9781570980213
9780679762058,9780679762058
9780440241164,9780440241164
9780060981181,9780060981181
9780802139702,9780802139702
9780060519513,9780060519513
9780922729432,9780922729432
9780767902878,9780767902878
9780553258998,9780553258998
9780743471701,9780743471701
9780385721547,9780385721547
9780380812028,9780380812028
9780380812035,9780380812035
9780743456357,9780743456357
9780671876425,9780671876425
9780192854490,9780192854490
9780385722162,9780385722162
9780060002053,9780060002053
9780836218985,9780836218985
9780440235675,9780440235675
9780671534806,9780671534806
9780800754457,9780800754457
9780393050974,9780393050974
9781561706211,9781561706211
9780515134896,9780515134896
9781559391535,9781559391535
9781567186901,9781567186901
9781580172431,9781580172431
9780679745402,9780679745402
9780874777987,9780874777987
9780142401972,9780142401972
9780375760259,9780375760259
9780425179062,9780425179062
9780451411136,9780451411136
9780743471794,9780743471794
9780446678117,9780446678117
9780345445872,9780345445872
9780811840545,9780811840545
9780062513366,9780062513366
9780812966923,9780812966923
9780071357548,9780071357548
9780345368096,9780345368096
9780671042820,9780671042820
9780743214780,9780743214780
9780140298406,9780140298406
9780590480871,9780590480871
9780967877778,9780967877778
9780671750619,9780671750619
9780316789998,9780316789998
9780425194577,9780425194577
9780767914123,9780767914123
9780812065534,9780812065534
9780802139894,9780802139894
9780767909082,9780767909082
9780060677015,9780060677015
9781570713385,9781570713385
9780674013254,9780674013254
9780836218831,9780836218831
9781580890540,9781580890540
9780380810710,9780380810710
9780345410436,9780345410436
9780375713279,9780375713279
9780743247078,9780743247078
9780915811045,9780915811045
9780738703480,9780738703480
9781583331293,9781583331293
9780062513342,9780062513342
9780915368587,9780915368587
9780688178055,9780688178055
9780375702242,9780375702242
9780062051615,9780062051615
9780062701671,9780062701671
9780618381364,9780618381364
9781572240391,9781572240391
9780380789344,9780380789344
9780451210531,9780451210531
9780380795284,9780380795284
9780452284890,9780452284890
9780689820021,9780689820021
9780874831511,9780874831511
9780738703183,9780738703183
9780446530842,9780446530842
9780761110521,9780761110521
9780758207920,9780758207920
9780425183700,9780425183700
9780879801113,9780879801113
9780399510021,9780399510021
9780609808443,9780609808443
9780380794577,9780380794577
9780618219193,9780618219193
9780380789337,9780380789337
9780385301893,9780385301893
9780446672283,9780446672283
9780671578084,9780671578084
9781878424488,9781878424488
9780425188415,9780425188415
9780875964577,9780875964577
9780743477086,9780743477086
9780553568547,9780553568547
9780786884087,9780786884087
9780440241119,9780440241119
9780915811120,9780915811120
9780671745233,9780671745233
9780882668888,9780882668888
9780380789351,9780380789351
9780688152024,9780688152024
9780553279719,9780553279719
9780380780419,9780380780419
9780786868438,9780786868438
9780449002469,9780449002469
9781563054419,9781563054419
9780201489378,9780201489378
9781576739761,9781576739761
9780060958909,9780060958909
9780060256715,9780060256715
9780440235613,9780440235613
9780671766160,9780671766160
9780689845062,9780689845062
9780316713597,9780316713597
9780060593308,9780060593308
9781843606123,9781843606123
9780385239547,9780385239547
9780812926231,9780812926231
9780743451406,9780743451406
9780758202826,9780758202826
9780060513641,9780060513641
9780375758584,9780375758584
9780671683078,9780671683078
9780345467560,9780345467560
9780312284886,9780312284886
9780312263805,9780312263805
9780743466493,9780743466493
9780743471473,9780743471473
9780140433975,9780140433975
9780875163017,9780875163017
9781583226018,9781583226018
9780130206015,9780130206015
9780471272427,9780471272427
9780374527075,9780374527075
9780870126338,9780870126338
9780060084530,9780060084530
9780441011872,9780441011872
9780140129915,9780140129915
9780440224730,9780440224730
9781572241268,9781572241268
9780609808450,9780609808450
9780743488181,9780743488181
9781585670222,9781585670222
9780345455918,9780345455918
9780761110569,9780761110569
9780671797256,9780671797256
9780679783398,9780679783398
9780312873110,9780312873110
9780060609122,9780060609122
9780312253646,9780312253646
9780385323635,9780385323635
9780448425009,9780448425009
9780525245490,9780525245490
9780226468013,9780226468013
9780679776871,9780679776871
9780802130624,9780802130624
9780452279766,9780452279766
9781883011031,9781883011031
9780609807651,9780609807651
9780028643519,9780028643519
9780671530679,9780671530679
9780062512666,9780062512666
9780385721912,9780385721912
9780440235538,9780440235538
9780393324426,9780393324426
9780393322989,9780393322989
9780553578973,9780553578973
9780590444798,9780590444798
9781400047833,9781400047833
9780894861611,9780894861611
9780451205568,9780451205568
9780060560782,9780060560782
9780195085570,9780195085570
9780312285432,9780312285432
9780440226000,9780440226000
9780743261982,9780743261982
9780060002060,9780060002060
9780743466509,9780743466509
9780451200556,9780451200556
9780380806249,9780380806249
9780310239260,9780310239260
9780553578881,9780553578881
9780312280697,9780312280697
9780385265577,9780385265577
9780060982041,9780060982041
9780140193664,9780140193664
9780802130242,9780802130242
9780689848940,9780689848940
9780385476010,9780385476010
9780945320531,9780945320531
9780393320039,9780393320039
9780345463333,9780345463333
9780393319286,9780393319286
9781575100470,9781575100470
9780812967654,9780812967654
9780060958701,9780060958701
9781573225854,9781573225854
9780679751250,9780679751250
9780062734174,9780062734174
9781565926998,9781565926998
9780385334174,9780385334174
9780553584752,9780553584752
9780380794553,9780380794553
9780141001937,9780141001937
9781576736258,9781576736258
9780394829081,9780394829081
9780761129776,9780761129776
9780395746561,9780395746561
9780674443020,9780674443020
9780679739791,9780679739791
9780440204299,9780440204299
9781930051997,9781930051997
9781885767875,9781885767875
9780446678131,9780446678131
9780440219514,9780440219514
9780786890118,9780786890118
9780375701733,9780375701733
9780886778040,9780886778040
9780140116168,9780140116168
9780380801497,9780380801497
9780472065219,9780472065219
9780062507624,9780062507624
9780609808269,9780609808269
9780446676670,9780446676670
9780848726287,9780848726287
9780380816217,9780380816217
9780380784493,9780380784493
9780882669267,9780882669267
9780553354560,9780553354560
9780310254751,9780310254751
9780671511043,9780671511043
9780671876463,9780671876463
9780804831321,9780804831321
9780441007158,9780441007158
9780849995446,9780849995446
9780618344581,9780618344581
9780743200158,9780743200158
9780425173619,9780425173619
9780440224556,9780440224556
9780140256352,9780140256352
9780060926946,9780060926946
9780440219361,9780440219361
9780786887842,9780786887842
9780816634965,9780816634965
9780553578775,9780553578775
9780060002077,9780060002077
9780140434767,9780140434767
9780805418453,9780805418453
9780743436168,9780743436168
9780140139969,9780140139969
9781591163299,9781591163299
9780440235682,9780440235682
9780375701610,9780375701610
9780452264878,9780452264878
9780743477277,9780743477277
9780553568714,9780553568714
9780446356855,9780446356855
9780345463104,9780345463104
9780812966930,9780812966930
9780684871486,9780684871486
9780345422040,9780345422040
9780590465885,9780590465885
9780345451835,9780345451835
9780140266771,9780140266771
9780684855363,9780684855363
9780553580181,9780553580181
9780394929125,9780394929125
9780553584745,9780553584745
9780152019099,9780152019099
9781580171823,9781580171823
9780553213393,9780553213393
9780141181233,9780141181233
9781575420110,9781575420110
9781563896675,9781563896675
9780684831053,9780684831053
9780897932189,9780897932189
9780553381221,9780553381221
9780140122060,9780140122060
9780743216012,9780743216012
9780440241287,9780440241287
9781578567294,9781578567294
9780425180051,9780425180051
9780312180621,9780312180621
9780425110942,9780425110942
9780962401787,9780962401787
9780679736042,9780679736042
9780515136357,9780515136357
9780345451828,9780345451828
9781578630479,9781578630479
9780836218787,9780836218787
9780452265349,9780452265349
9780684866000,9780684866000
9780440210221,9780440210221
9780060959470,9780060959470
9780345384218,9780345384218
9780140441376,9780140441376
9781567188110,9781567188110
9780140131680,9780140131680
9780385721882,9780385721882
9780345322210,9780345322210
9780881337488,9780881337488
9780441006601,9780441006601
9780345394255,9780345394255
9780451210753,9780451210753
9780836220629,9780836220629
9780394872179,9780394872179
9780895261281,9780895261281
9781561794140,9781561794140
9780684856087,9780684856087
9780064401760,9780064401760
9780446603980,9780446603980
9780141390123,9780141390123
9780609808344,9780609808344
9780385722100,9780385722100
9780060938475,9780060938475
9780895292469,9780895292469
9780062506832,9780062506832
9780553268942,9780553268942
9780553375398,9780553375398
9780385264761,9780385264761
9780894803642,9780894803642
9780446363167,9780446363167
9780892832194,9780892832194
9780060963965,9780060963965
9780300082494,9780300082494
9780743456456,9780743456456
9780590341295,9780590341295
9780192853967,9780192853967
9780385469623,9780385469623
9780812544183,9780812544183
9780688172220,9780688172220
9780618065820,9780618065820
9780393312928,9780393312928
9780609807743,9780609807743
9781592910120,9781592910120
9780761115366,9780761115366
9780452278967,9780452278967
9780140444759,9780140444759
9780345379085,9780345379085
9780553575019,9780553575019
9780451410443,9780451410443
9780310248804,9780310248804
9780449149096,9780449149096
9780156010955,9780156010955
9780849942969,9780849942969
9780312263829,9780312263829
9781883011147,9781883011147
9780609802816,9780609802816
9780060095284,9780060095284
9780060507848,9780060507848
9780140111163,9780140111163
9780553584431,9780553584431
9780380791026,9780380791026
9780440235620,9780440235620
9780886777357,9780886777357
9780679783343,9780679783343
9780425199350,9780425199350
9780440220688,9780440220688
9781571456977,9781571456977
9780446672597,9780446672597
9780425143216,9780425143216
9781568581903,9781568581903
9781932100082,9781932100082
9780553271096,9780553271096
9780679745662,9780679745662
9780552146982,9780552146982
9780451198945,9780451198945
9780684854755,9780684854755
9780553574555,9780553574555
9781400032723,9781400032723
9780312180768,9780312180768
9781572240582,9781572240582
9780871313072,9780871313072
9780679751663,9780679751663
9780688115180,9780688115180
9780486227993,9780486227993
9780761121107,9780761121107
9780771082566,9780771082566
9780812532968,9780812532968
9781556617041,9781556617041
9780446515382,9780446515382
9780515136296,9780515136296
9780061020087,9780061020087
9780802139740,9780802139740
9780553583861,9780553583861
9780877734109,9780877734109
9780446300575,9780446300575
9780553583984,9780553583984
9780886776619,9780886776619
9780684869834,9780684869834
9781579541842,9781579541842
9780064401982,9780064401982
9780446515481,9780446515481
9781578562336,9781578562336
9780439376082,9780439376082
9780743430593,9780743430593
9780300065800,9780300065800
9780446604413,9780446604413
9780811815031,9780811815031
9780671770815,9780671770815
9780761101147,9780761101147
9780380705641,9780380705641
9780425167809,9780425167809
9780345384225,9780345384225
9780781804806,9780781804806
9780679452515,9780679452515
9780062514172,9780062514172
9780877936534,9780877936534
9780060953683,9780060953683
9780425189108,9780425189108
9780553282153,9780553282153
9780764220760,9780764220760
9780486275635,9780486275635
9781571458148,9781571458148
9780345379023,9780345379023
9780876122761,9780876122761
9780520219298,9780520219298
9780689869990,9780689869990
9780679892649,9780679892649
9780679783220,9780679783220
9780385720908,9780385720908
9780743466448,9780743466448
9780062507464,9780062507464
9780571161157,9780571161157
9780345461964,9780345461964
9780679745440,9780679745440
9780425190104,9780425190104
9781560971160,9781560971160
9780964425859,9780964425859
9780553212907,9780553212907
9780425179185,9780425179185
9780698119185,9780698119185
9780312242985,9780312242985
9780743435208,9780743435208
9780375754456,9780375754456
9780972326704,9780972326704
9780446603638,9780446603638
9781890035167,9781890035167
9780345389008,9780345389008
9780425190159,9780425190159
9780802139818,9780802139818
9780156006248,9780156006248
9780451411198,9780451411198
9780679881681,9780679881681
9780804117647,9780804117647
9780449211779,9780449211779
9780345439901,9780345439901
9780312872571,9780312872571
9780871133618,9780871133618
9780440236184,9780440236184
9780689844614,9780689844614
9780743466257,9780743466257
9780310217657,9780310217657
9781565121652,9781565121652
9781568581934,9781568581934
9780312877514,9780312877514
9780385497091,9780385497091
9780425156964,9780425156964
9780679740759,9780679740759
9780553578577,9780553578577
9780812967609,9780812967609
9781570670558,9781570670558
9780394755403,9780394755403
9780060929091,9780060929091
9780804102513,9780804102513
9780452281172,9780452281172
9780451183682,9780451183682
9780451210814,9780451210814
9780671541507,9780671541507
9780312242916,9780312242916
9781563892462,9781563892462
9780156028158,9780156028158
9781583940006,9781583940006
9780880115582,9780880115582
9780300082531,9780300082531
9780345430786,9780345430786
9780201710915,9780201710915
9781568383651,9781568383651
9780439339094,9780439339094
9781400070213,9781400070213
9780812548242,9780812548242
9780465067091,9780465067091
9780679766520,9780679766520
9780671877071,9780671877071
9780312929770,9780312929770
9780922729487,9780922729487
9780071357869,9780071357869
9780553575279,9780553575279
9780802775177,9780802775177
9780679729891,9780679729891
9780060923501,9780060923501
9780201489392,9780201489392
9780395657836,9780395657836
9780380788781,9780380788781
9781932100020,9781932100020
9780802453891,9780802453891
9781888047066,9781888047066
9780553580211,9780553580211
9780738204895,9780738204895
9780609804155,9780609804155
9780440508328,9780440508328
9780393323542,9780393323542
9780743403627,9780743403627
9780452271371,9780452271371
9780375822261,9780375822261
9780679736097,9780679736097
9780486275505,9780486275505
9780922729371,9780922729371
9780684846118,9780684846118
9781560430681,9781560430681
9780890512821,9780890512821
9780140445626,9780140445626
9780679881810,9780679881810
9780553584455,9780553584455
9780425184301,9780425184301
9780062507563,9780062507563
9789500700894,9789500700894
9780440240938,9780440240938
9780425190029,9780425190029
9780374521387,9780374521387
9780805061925,9780805061925
9780141306353,9780141306353
9780141305967,9780141305967
9781400047987,9781400047987
9781590522721,9781590522721
9780802130358,9780802130358
9780393308181,9780393308181
9780553578768,9780553578768
9780520240643,9780520240643
9780786869039,9780786869039
9780201615630,9780201615630
9780553585179,9780553585179
9780671027568,9780671027568
9781578630103,9781578630103
9780786866953,9780786866953
9780060561789,9780060561789
9781565121577,9781565121577
9780886777128,9780886777128
9780486230047,9780486230047
9780812502107,9780812502107
9780886777340,9780886777340
9780310250647,9780310250647
9780891415329,9780891415329
9780140445657,9780140445657
9780486228747,9780486228747
9780440146292,9780440146292
9780312270155,9780312270155
9780440129738,9780440129738
9780449007389,9780449007389
9781582348957,9781582348957
9780395936092,9780395936092
9780312301477,9780312301477
9780310706236,9780310706236
9780439279895,9780439279895
9780192802521,9780192802521
9780671529628,9780671529628
9780448095073,9780448095073
9781576830284,9781576830284
9780152050863,9780152050863
9780553213522,9780553213522
9780393308198,9780393308198
9780394749778,9780394749778
9781929774166,9781929774166
9780517595336,9780517595336
9781402200571,9781402200571
9780425188606,9780425188606
9780060916824,9780060916824
9780684824406,9780684824406
9780312195410,9780312195410
9780743226233,9780743226233
9780767903608,9780767903608
9780399525407,9780399525407
9780743205047,9780743205047
9780553375497,9780553375497
9780385721769,9780385721769
9780743204729,9780743204729
9780465012992,9780465012992
9780060567255,9780060567255
9781590522585,9781590522585
9780785280194,9780785280194
9780823039913,9780823039913
9780895292230,9780895292230
9780688129583,9780688129583
9780060634643,9780060634643
9781556523021,9781556523021
9781561705351,9781561705351
9781565121560,9781565121560
9780192801999,9780192801999
9780740738401,9780740738401
9780440224723,9780440224723
9780060634476,9780060634476
9780767913461,9780767913461
9780452281370,9780452281370
9780310220145,9780310220145
9780140441185,9780140441185
9781575420233,9781575420233
9780394714394,9780394714394
9780674363366,9780674363366
9780452264861,9780452264861
9780737303230,9780737303230
9780060959449,9780060959449
9780306808043,9780306808043
9781555834319,9781555834319
9780971394285,9780971394285
9781885171672,9781885171672
9780316321006,9780316321006
9781560253075,9781560253075
9780140192926,9780140192926
9780805420357,9780805420357
9780822203070,9780822203070
9780385076807,9780385076807
9780679761822,9780679761822
9780671659899,9780671659899
9780060675943,9780060675943
9780892816330,9780892816330
9781883319250,9781883319250
9780892967407,9780892967407
9780671023232,9780671023232
9781559391634,9781559391634
9780679729587,9780679729587
9780865162891,9780865162891
9780911104677,9780911104677
9780449150047,9780449150047
9781567187670,9781567187670
9780425162941,9780425162941
9780806521374,9780806521374
9780425154052,9780425154052
9780486270616,9780486270616
9780446613811,9780446613811
9780399525087,9780399525087
9780441662531,9780441662531
9780886776879,9780886776879
9780385335003,9780385335003
9780761514237,9780761514237
9780471119777,9780471119777
9780684859774,9780684859774
9780140124897,9780140124897
9780786706181,9780786706181
9780689717840,9780689717840
9780830822065,9780830822065
9781841492087,9781841492087
9780971394278,9780971394278
9780385491334,9780385491334
9780971661332,9780971661332
9780553578591,9780553578591
9780886777289,9780886777289
9780061056024,9780061056024
9780060001452,9780060001452
9780849917394,9780849917394
9780064460491,9780064460491
9780486270715,9780486270715
9780553563696,9780553563696
9780875968865,9780875968865
9780375713293,9780375713293
9780800792008,9780800792008
9780486600819,9780486600819
9780743219792,9780743219792
9780684813455,9780684813455
9780141180533,9780141180533
9780060965181,9780060965181
9781895565010,9781895565010
9780849944284,9780849944284
9780820324012,9780820324012
9781892049254,9781892049254
9780804113649,9780804113649
9780679720430,9780679720430
9781843605546,9781843605546
9781400033553,9781400033553
9780425194348,9780425194348
9780310212942,9780310212942
9780060544768,9780060544768
9780830819799,9780830819799
9780375706431,9780375706431
9780395544181,9780395544181
9780521457286,9780521457286
9780300063172,9780300063172
9780451212108,9780451212108
9780064401685,9780064401685
9780679735694,9780679735694
9780385264730,9780385264730
9780671720247,9780671720247
9780671535452,9780671535452
9780821765685,9780821765685
9780312862114,9780312862114
9780937750124,9780937750124
9780671877118,9780671877118
9780465007806,9780465007806
9780743403771,9780743403771
9781578562343,9781578562343
9780679745570,9780679745570
9780385318228,9780385318228
9780060001445,9780060001445
9780312280611,9780312280611
9780521397810,9780521397810
9780717806676,9780717806676
9780736903622,9780736903622
9780804831567,9780804831567
9780515111132,9780515111132
9780877287308,9780877287308
9780802843203,9780802843203
9780449223239,9780449223239
9780679729532,9780679729532
9780882669182,9780882669182
9780849943454,9780849943454
9781567188257,9781567188257
9780679767329,9780679767329
9780425193891,9780425193891
9780813121222,9780813121222
9780679887430,9780679887430
9780679776628,9780679776628
9780812695458,9780812695458
9780399147319,9780399147319
9780345439949,9780345439949
9780380815616,9780380815616
9781884956034,9781884956034
9780380820993,9780380820993
9780393312867,9780393312867
9780553584769,9780553584769
9780743203869,9780743203869
9780895296689,9780895296689
9780451185129,9780451185129
9780385413428,9780385413428
9781556610929,9781556610929
9780226971506,9780226971506
9780679724889,9780679724889
9780385260459,9780385260459
9780312180676,9780312180676
9780874833058,9780874833058
9780886776817,9780886776817
9780062514257,9780062514257
9780060686611,9780060686611
9780394759753,9780394759753
9780590462068,9780590462068
9781571456984,9781571456984
9780156007184,9780156007184
9780345312006,9780345312006
9780393314328,9780393314328
9781561841530,9781561841530
9780807031117,9780807031117
9780879735906,9780879735906
9780684838915,9780684838915
9780679773009,9780679773009
9780822218272,9780822218272
9780062732767,9780062732767
9780679777427,9780679777427
9780425157701,9780425157701
9780861402441,9780861402441
9780316748643,9780316748643
9780064402453,9780064402453
9780937750131,9780937750131
9780764121654,9780764121654
9780689865664,9780689865664
9780345462367,9780345462367
9781888451368,9781888451368
9780738702865,9780738702865
9780688800697,9780688800697
9780140383096,9780140383096
9780028644172,9780028644172
9780393317701,9780393317701
9780553569223,9780553569223
9780738702650,9780738702650
9780802139801,9780802139801
9781879045262,9781879045262
9780140194418,9780140194418
9780806520940,9780806520940
9780380805914,9780380805914
9780316738576,9780316738576
9781890208271,9781890208271
9780865472570,9780865472570
9780393318555,9780393318555
9780927545402,9780927545402
9780805210286,9780805210286
9780892815418,9780892815418
9780440234722,9780440234722
9781573440745,9781573440745
9780762411245,9780762411245
9780064460026,9780064460026
9780898701838,9780898701838
9781567186895,9781567186895
9780061081521,9780061081521
9780877880387,9780877880387
9780375810978,9780375810978
9780393313710,9780393313710
9780866510813,9780866510813
9780679762232,9780679762232
9780811205702,9780811205702
9780195112214,9780195112214
9780226677187,9780226677187
9780312263874,9780312263874
9780689870750,9780689870750
9780740726941,9780740726941
9780060959494,9780060959494
9780345441447,9780345441447
9781896597140,9781896597140
9781556522345,9781556522345
9780399518836,9780399518836
9780618219230,9780618219230
9780440418665,9780440418665
9780395253779,9780395253779
9780553574449,9780553574449
9780761126096,9780761126096
9780520220218,9780520220218
9780740721946,9780740721946
9780962118517,9780962118517
9780553299939,9780553299939
9781567186888,9781567186888
9780824505424,9780824505424
9780156881500,9780156881500
9780439573610,9780439573610
9781565121386,9781565121386
9780674018211,9780674018211
9780938636298,9780938636298
9780142437889,9780142437889
9780141180694,9780141180694
9780691019642,9780691019642
9780486271323,9780486271323
9780553575248,9780553575248
9780824813925,9780824813925
9780812065640,9780812065640
9780679749837,9780679749837
9780156101509,9780156101509
9780439568364,9780439568364
9781569716205,9781569716205
9780679761846,9780679761846
9780758208538,9780758208538
9781578062973,9781578062973
9780553286373,9780553286373
9780440209355,9780440209355
9780440240846,9780440240846
9780758204493,9780758204493
9780802801210,9780802801210
9781860461613,9781860461613
9783822858646,9783822858646
9780310249597,9780310249597
9780375759277,9780375759277
9780553584684,9780553584684
9780375802157,9780375802157
9780552147415,9780552147415
9781568582863,9781568582863
9781578702664,9781578702664
9780812516951,9780812516951
9780465007646,9780465007646
9780802139566,9780802139566
9780758204479,9780758204479
9780375727498,9780375727498
9780446529600,9780446529600
9781582381329,9781582381329
9780465019311,9780465019311
9780553213331,9780553213331
9780875650548,9780875650548
9780933174658,9780933174658
9780552136815,9780552136815
9780385131056,9780385131056
9780891414759,9780891414759
9781552854587,9781552854587
9780393323580,9780393323580
9780448428895,9780448428895
9780515120448,9780515120448
9780060912512,9780060912512
9780062732743,9780062732743
9780590407601,9780590407601
9780553213379,9780553213379
9780061056017,9780061056017
9780156605175,9780156605175
9780425193914,9780425193914
9780226094984,9780226094984
9780486218724,9780486218724
9780805006032,9780805006032
9780140256338,9780140256338
9781570629105,9781570629105
9780827600423,9780827600423
9781400047994,9781400047994
9780552146722,9780552146722
9780060997007,9780060997007
9780809122776,9780809122776
9780679755821,9780679755821
9780807021033,9780807021033
9780140136258,9780140136258
9780226468044,9780226468044
9780807591109,9780807591109
9780226677163,9780226677163
9780553282085,9780553282085
9780062733610,9780062733610
9780861711239,9780861711239
9780812511635,9780812511635
9780671729202,9780671729202
9780618197330,9780618197330
9780874779066,9780874779066
9780345395108,9780345395108
9780395835852,9780395835852
9780886778019,9780886778019
9781582432908,9781582432908
9780671787387,9780671787387
9780940368187,9780940368187
9780802134806,9780802134806
9780765301956,9780765301956
9780439130257,9780439130257
9780802135216,9780802135216
9780671001582,9780671001582
9780140255805,9780140255805
9780446604574,9780446604574
9780971819153,9780971819153
9780446529846,9780446529846
9780802403339,9780802403339
9780590430470,9780590430470
9780944386163,9780944386163
9781879682733,9781879682733
9780679600077,9780679600077
9780838820902,9780838820902
9780679781790,9780679781790
9780312181147,9780312181147
9781884820298,9781884820298
9780787949341,9780787949341
9780440226031,9780440226031
9780375753770,9780375753770
9780764220739,9780764220739
9780375812477,9780375812477
9781573241618,9781573241618
9780142000243,9780142000243
9780689819162,9780689819162
9780060571832,9780060571832
9780914918165,9780914918165
9780679808473,9780679808473
9780553379723,9780553379723
9780060976118,9780060976118
9780886777180,9780886777180
9780345441546,9780345441546
9780345384249,9780345384249
9780684823775,9780684823775
9780201547771,9780201547771
9781559716741,9781559716741
9780393320077,9780393320077
9780486270647,9780486270647
9780440508465,9780440508465
9780590403603,9780590403603
9780806519968,9780806519968
9780805046663,9780805046663
9780886777067,9780886777067
9780395908716,9780395908716
9780449909294,9780449909294
9780452263949,9780452263949
9780688155957,9780688155957
9780671531454,9780671531454
9780892816286,9780892816286
9781561632282,9781561632282
9780375702365,9780375702365
9780393320183,9780393320183
9780440208938,9780440208938
9780553579406,9780553579406
9780618302451,9780618302451
9780071364140,9780071364140
9780312180461,9780312180461
9780609808405,9780609808405
9780679776529,9780679776529
9780060513894,9780060513894
9781592863266,9781592863266
9781843605638,9781843605638
9780679891987,9780679891987
9780425198858,9780425198858
9780789203830,9780789203830
9780698114029,9780698114029
9780609807972,9780609807972
9780380784530,9780380784530
9780446604567,9780446604567
9780684823744,9780684823744
9780736421393,9780736421393
9780684807850,9780684807850
9780765348449,9780765348449
9780393322941,9780393322941
9780881064667,9780881064667
9780874779301,9780874779301
9780415195355,9780415195355
9780316115346,9780316115346
9780922729357,9780922729357
9780393319262,9780393319262
9780448095172,9780448095172
9780380732524,9780380732524
9780872863958,9780872863958
9780897892858,9780897892858
9781563891953,9781563891953
9780757301551,9780757301551
9781577942542,9781577942542
9780486277196,9780486277196
9780671796600,9780671796600
9780140441291,9780140441291
9780440330608,9780440330608
9780590440615,9780590440615
9781559391757,9781559391757
9780440418795,9780440418795
9780679726098,9780679726098
9780140441123,9780140441123
9780440225119,9780440225119
9780691000657,9780691000657
9780310281511,9780310281511
9780807821527,9780807821527
9780517585122,9780517585122
9780684802855,9780684802855
9780802440358,9780802440358
9780060629175,9780060629175
9780385423588,9780385423588
9781573441711,9781573441711
9780393004595,9780393004595
9780486282251,9780486282251
9781587360398,9781587360398
9780310207658,9780310207658
9780761508342,9780761508342
9780595234684,9780595234684
9780939680559,9780939680559
9780590482462,9780590482462
9780743477079,9780743477079
9780689820069,9780689820069
9780140094510,9780140094510
9780743477253,9780743477253
9780892819775,9780892819775
9780811200721,9780811200721
9780345445940,9780345445940
9780671001575,9780671001575
9780812036046,9780812036046
9780226521398,9780226521398
9780553578621,9780553578621
9780743476713,9780743476713
9780061080968,9780061080968
9780684870816,9780684870816
9780060099527,9780060099527
9780380804948,9780380804948
9780393045628,9780393045628
9780785264019,9780785264019
9780806928838,9780806928838
9780312971786,9780312971786
9781888053128,9781888053128
9780060927639,9780060927639
9780801483899,9780801483899
9780807015070,9780807015070
9780679776710,9780679776710
9780395253793,9780395253793
9780742523166,9780742523166
9780380732609,9780380732609
9780140146530,9780140146530
9780156001434,9780156001434
9781857236101,9781857236101
9780802134950,9780802134950
9780671870775,9780671870775
9780345340948,9780345340948
9780914918295,9780914918295
9780811713894,9780811713894
9780882669359,9780882669359
9780316739368,9780316739368
9780313229589,9780313229589
9781879045286,9781879045286
9780913990056,9780913990056
9781558610651,9781558610651
9780226143347,9780226143347
9780262540674,9780262540674
9780689848988,9780689848988
9780448095240,9780448095240
9780689844492,9780689844492
9780452280670,9780452280670
9780553569186,9780553569186
9780140326130,9780140326130
9780310224334,9780310224334
9781400033218,9781400033218
9780060959562,9780060959562
9780226500362,9780226500362
9780486287263,9780486287263
9780802140456,9780802140456
9780816631056,9780816631056
9780553573602,9780553573602
9781583226292,9781583226292
9780312084998,9780312084998
9780201479447,9780201479447
9780671876197,9780671876197
9780439416597,9780439416597
9780201145199,9780201145199
9780198207344,9780198207344
9780671002206,9780671002206
9780486213477,9780486213477
9780714826523,9780714826523
9780060937928,9780060937928
9780811211734,9780811211734
9780836218763,9780836218763
9780714832647,9780714832647
9780446521369,9780446521369
9780451188519,9780451188519
9781887128650,9781887128650
9781854592118,9781854592118
9780486275529,9780486275529
9780415938792,9780415938792
9780440236016,9780440236016
9780671551650,9780671551650
9780060959463,9780060959463
9781578565771,9781578565771
9781569712153,9781569712153
9780465045488,9780465045488
9780813524665,9780813524665
9780738839028,9780738839028
9780201489330,9780201489330
9780830627011,9780830627011
9780486217932,9780486217932
9780393304145,9780393304145
9780802434296,9780802434296
9780375702327,9780375702327
9780671797300,9780671797300
9780553280821,9780553280821
9780596001865,9780596001865
9780767903318,9780767903318
9780939680351,9780939680351
9781896597133,9781896597133
9780312143572,9780312143572
9780140256796,9780140256796
9780674196377,9780674196377
9780060414719,9780060414719
9780934601979,9780934601979
9780819562753,9780819562753
9780881064643,9780881064643
9780553264586,9780553264586
9780689865411,9780689865411
9780142003657,9780142003657
9780880010498,9780880010498
9780805072808,9780805072808
9780789439284,9780789439284
9780804118408,9780804118408
9780801855924,9780801855924
9780679734994,9780679734994
9780590847889,9780590847889
9780781806428,9780781806428
9780689865459,9780689865459
9780890514078,9780890514078
9780880015578,9780880015578
9780806985947,9780806985947
9780312311780,9780312311780
9780684803524,9780684803524
9780674792913,9780674792913
9780714842790,9780714842790
9780140372564,9780140372564
9780751525441,9780751525441
9780802139504,9780802139504
9781410702760,9781410702760
9780156006460,9780156006460
9781880684948,9781880684948
9780374521608,9780374521608
9780590470704,9780590470704
9781569754092,9781569754092
9780809140169,9780809140169
9780689840180,9780689840180
9780553344264,9780553344264
9780826414779,9780826414779
9780060934118,9780060934118
9780439139281,9780439139281
9780918526830,9780918526830
9780415902632,9780415902632
9781568383545,9781568383545
9780345440839,9780345440839
9780374521486,9780374521486
9780141300931,9780141300931
9780553573725,9780553573725
9780971394216,9780971394216
9780671002398,9780671002398
9780671038205,9780671038205
9780156007047,9780156007047
9780802135285,9780802135285
9780596002275,9780596002275
9780886776558,9780886776558
9780380800803,9780380800803
9781578063697,9781578063697
9781564144874,9781564144874
9781591293774,9781591293774
9780789722409,9780789722409
9782203001015,9782203001015
9780679740766,9780679740766
9780688177218,9780688177218
9780440404002,9780440404002
9780836228991,9780836228991
9780345476869,9780345476869
9780842337236,9780842337236
9780415174299,9780415174299
9780830822188,9780830822188
9780872863804,9780872863804
9780394717951,9780394717951
9780740726767,9780740726767
9780740726750,9780740726750
9781567187465,9781567187465
9780802134769,9780802134769
9780140188516,9780140188516
9780941270526,9780941270526
9780312080730,9780312080730
9780758202857,9780758202857
9780140430448,9780140430448
9780870292859,9780870292859
9780963761187,9780963761187
9780882669274,9780882669274
9780786883516,9780786883516
9780929141657,9780929141657
9780940450820,9780940450820
9780894808616,9780894808616
9781578566365,9781578566365
9780671519599,9780671519599
9780671750442,9780671750442
9781590869208,9781590869208
9780451205759,9780451205759
9781566632157,9781566632157
9780393308358,9780393308358
9780874175554,9780874175554
9780689713873,9780689713873
9781578567249,9781578567249
9780736907736,9780736907736
9781557833556,9781557833556
9780804003216,9780804003216
9780679783336,9780679783336
9780195112283,9780195112283
9780887801167,9780887801167
9780446677264,9780446677264
9780553578751,9780553578751
9780679745785,9780679745785
9780807046319,9780807046319
9781564025487,9781564025487
9780819212313,9780819212313
9780521783033,9780521783033
9780553378887,9780553378887
9780440241188,9780440241188
9781567921922,9781567921922
9780743482530,9780743482530
9780061044533,9780061044533
9780822218142,9780822218142
9781563411267,9781563411267
9780262200608,9780262200608
9780942235302,9780942235302
9781590581216,9781590581216
9780618118809,9780618118809
9780596000981,9780596000981
9780767908443,9780767908443
9780553575231,9780553575231
9780870744785,9780870744785
9780738833675,9780738833675
9781583483220,9781583483220
9780553379747,9780553379747
9780449905081,9780449905081
9780553275360,9780553275360
9780452274839,9780452274839
9780712670722,9780712670722
9780440210245,9780440210245
9780807842324,9780807842324
9780312134341,9780312134341
9781577349228,9781577349228
9781588320216,9781588320216
9781583331309,9781583331309
9780061043956,9780061043956
9780836218978,9780836218978
9780440413868,9780440413868
9780061082009,9780061082009
9780671792473,9780671792473
9780836218923,9780836218923
9780060927516,9780060927516
9780807046296,9780807046296
9780743449908,9780743449908
9780520034914,9780520034914
9782070401871,9782070401871
9780938190806,9780938190806
9780810115149,9780810115149
9780395710845,9780395710845
9780460878265,9780460878265
9780140239720,9780140239720
9780253212733,9780253212733
9781885061621,9781885061621
9780399515101,9780399515101
9780140446029,9780140446029
9780446610285,9780446610285
9780440402916,9780440402916
9780689808340,9780689808340
9780312034467,9780312034467
9780553574685,9780553574685
9780195032727,9780195032727
9781564146168,9781564146168
9780156005685,9780156005685
9781562828066,9781562828066
9780375755064,9780375755064
9780152474768,9780152474768
9780299158842,9780299158842
9780140251821,9780140251821
9780830726639,9780830726639
9780140094541,9780140094541
9780771014864,9780771014864
9780920897539,9780920897539
9780312117641,9780312117641
9780385506656,9780385506656
9780345346865,9780345346865
9780679808480,9780679808480
9780740738234,9780740738234
9780385491273,9780385491273
9780440236207,9780440236207
9781841490908,9781841490908
9780887764288,9780887764288
9781930252257,9781930252257
9780743203883,9780743203883
9780932727893,9780932727893
9780375700965,9780375700965
9780393046113,9780393046113
9781582291604,9781582291604
9780192827753,9780192827753
9780316735032,9780316735032
9780345394385,9780345394385
9780140252415,9780140252415
9780064407236,9780064407236
9780486286327,9780486286327
9780312904432,9780312904432
9780553354584,9780553354584
9780884192114,9780884192114
9780486261256,9780486261256
9780679803713,9780679803713
9780940880627,9780940880627
9780141305738,9780141305738
9780486260594,9780486260594
9780385468855,9780385468855
9780771014567,9780771014567
9780679729464,9780679729464
9780142000014,9780142000014
9780811209823,9780811209823
9780064402316,9780064402316
9780689840166,9780689840166
9780939680634,9780939680634
9780553212877,9780553212877
9780684845296,9780684845296
9780310228653,9780310228653
9780822957096,9780822957096
9781559361330,9781559361330
9780300072686,9780300072686
9780140565706,9780140565706
9780440404392,9780440404392
9780394723853,9780394723853
9780802413659,9780802413659
9780807072417,9780807072417
9780300061635,9780300061635
9780927545372,9780927545372
9781567182798,9781567182798
9780385491464,9780385491464
9780140587005,9780140587005
9780140141498,9780140141498
9780060924171,9780060924171
9781899866267,9781899866267
9781557042583,9781557042583
9780439291491,9780439291491
9780806122663,9780806122663
9780609810132,9780609810132
9780375727306,9780375727306
9780393303438,9780393303438
9780195085495,9780195085495
9780743449892,9780743449892
9781410740526,9781410740526
9780747557852,9780747557852
9780740723223,9780740723223
9780345466969,9780345466969
9781401056018,9781401056018
9780802140531,9780802140531
9780889952027,9780889952027
9780486271651,9780486271651
9780595224623,9780595224623
9781556343636,9781556343636
9781565923201,9781565923201
9780380790548,9780380790548
9780809316946,9780809316946
9781876756208,9781876756208
9780441005932,9780441005932
9780060654757,9780060654757
9780883681701,9780883681701
9780803263437,9780803263437
9780806961194,9780806961194
9780802131003,9780802131003
9780231075053,9780231075053
9780945397519,9780945397519
9781853264177,9781853264177
9780889952287,9780889952287
9780195080346,9780195080346
9780945575993,9780945575993
9780393324563,9780393324563
9780865340947,9780865340947
9780451168290,9780451168290
9780486270890,9780486270890
9780813209388,9780813209388
9780252064357,9780252064357
9780385721745,9780385721745
9780316140874,9780316140874
9780743236041,9780743236041
9780889625891,9780889625891
9780842378512,9780842378512
9780945397847,9780945397847
9780415127356,9780415127356
9781880448823,9781880448823
9780803938632,9780803938632
9781591824312,9781591824312
9781881052968,9781881052968
9780807825747,9780807825747
9780312064846,9780312064846
9780802134929,9780802134929
9781904341291,9781904341291
9780679728818,9780679728818
9780618004171,9780618004171
9780689865671,9780689865671
9780671042691,9780671042691
9781410777058,9781410777058
9780938216452,9780938216452
9780226971544,9780226971544
9780881064681,9780881064681
9780231109772,9780231109772
9780140273052,9780140273052
9780747258728,9780747258728
9780804108003,9780804108003
9780449148723,9780449148723
9782253150183,9782253150183
9780679436331,9780679436331
9780595303366,9780595303366
9780963660718,9780963660718
9780887061578,9780887061578
9780880016247,9780880016247
9780471308416,9780471308416
9780842343121,9780842343121
9781579620998,9781579620998
9780786869091,9780786869091
9780822956600,9780822956600
9781897766637,9781897766637
9780938501268,9780938501268
9780813529493,9780813529493
9780892819843,9780892819843
9788475775616,9788475775616
9780674447271,9780674447271
9780449150184,9780449150184
9780552147422,9780552147422
9780446677424,9780446677424
9780871132895,9780871132895
9780486204291,9780486204291
9780198662594,9780198662594
9780521319874,9780521319874
9780375700934,9780375700934
9781929998883,9781929998883
9780415904056,9780415904056
9788437601007,9788437601007
9780435907204,9780435907204
9780253202994,9780253202994
9780440402909,9780440402909
9780689839511,9780689839511
9781854799876,9781854799876
9781903039540,9781903039540
9780553212860,9780553212860
9781853264153,9781853264153
9782203001121,9782203001121
9780201059595,9780201059595
9781863682404,9781863682404
9780140431032,9780140431032
9780312233358,9780312233358
9780889223295,9780889223295
9780156607988,9780156607988
9780864922298,9780864922298
9780822506379,9780822506379
9780842343169,9780842343169
9780140283365,9780140283365
9780813109725,9780813109725
9780309089876,9780309089876
9781902934228,9781902934228
9781890768591,9781890768591
9780949873224,9780949873224
9780671505073,9780671505073
9780679312062,9780679312062
9780738808246,9780738808246
9780375706646,9780375706646
9780609611036,9780609611036
9780393324471,9780393324471
9781556612350,9781556612350
9781569318133,9781569318133
9781591293880,9781591293880
9780916119591,9780916119591
9780195136777,9780195136777
9780310213376,9780310213376
9780486228778,9780486228778
9780674405677,9780674405677
9780963572035,9780963572035
9780698114043,9780698114043
9780679741459,9780679741459
9780595093656,9780595093656
9780826210760,9780826210760
9780811209861,9780811209861
9780385332996,9780385332996
9780834116283,9780834116283
9780816635368,9780816635368
9780451183880,9780451183880
9780671682446,9780671682446
9780140284058,9780140284058
9780595000456,9780595000456
9780521598378,9780521598378
9781878067821,9781878067821
9781883651046,9781883651046
9780395528150,9780395528150
9780312044503,9780312044503
9780520073166,9780520073166
